"발생지역별(1)","시점",범죄발생총건수(A) (건),인구(B) (명),A/Bⅹ100000 (건/10만명),형법범 (건),형법범 (건),형법범 (건),형법범 (건),형법범 (건),형법범 (건),형법범 (건),형법범 (건),형법범 (건),형법범 (건),형법범 (건),형법범 (건),형법범 (건),형법범 (건),형법범 (건),형법범 (건),형법범 (건),형법범 (건),형법범 (건),형법범 (건),형법범 (건),형법범 (건),형법범 (건),형법범 (건),형법범 (건),형법범 (건),형법범 (건),형법범 (건),형법범 (건),형법범 (건),형법범 (건),형법범 (건),형법범 (건),형법범 (건),형법범 (건),형법범 (건),형법범 (건),형법범 (건),형법범 (건),형법범 (건),형법범 (건),형법범 (건),형법범 (건),형법범 (건),형법범 (건),형법범 (건),형법범 (건),형법범 (건),형법범 (건),형법범 (건),형법범 (건),형법범 (건),형법범 (건),형법범 (건),형법범 (건),형법범 (건),형법범 (건),특별법범 (건),특별법범 (건),특별법범 (건),특별법범 (건),특별법범 (건),특별법범 (건),특별법범 (건),특별법범 (건),특별법범 (건),특별법범 (건),특별법범 (건),특별법범 (건),특별법범 (건),특별법범 (건),특별법범 (건),특별법범 (건),특별법범 (건),특별법범 (건),특별법범 (건),특별법범 (건),특별법범 (건),특별법범 (건),특별법범 (건),특별법범 (건),특별법범 (건),특별법범 (건),특별법범 (건),특별법범 (건),특별법범 (건),특별법범 (건),특별법범 (건),특별법범 (건),특별법범 (건),특별법범 (건),특별법범 (건),특별법범 (건),특별법범 (건),특별법범 (건),특별법범 (건),특별법범 (건),특별법범 (건),특별법범 (건),특별법범 (건),특별법범 (건),특별법범 (건),특별법범 (건),특별법범 (건),특별법범 (건),특별법범 (건),특별법범 (건),특별법범 (건),특별법범 (건),특별법범 (건),특별법범 (건),특별법범 (건),특별법범 (건),특별법범 (건),특별법범 (건),특별법범 (건),특별법범 (건),특별법범 (건),특별법범 (건),특별법범 (건),특별법범 (건),특별법범 (건),특별법범 (건),특별법범 (건),특별법범 (건),특별법범 (건),특별법범 (건),특별법범 (건),특별법범 (건),특별법범 (건),특별법범 (건),특별법범 (건),특별법범 (건),특별법범 (건),특별법범 (건),특별법범 (건),특별법범 (건),특별법범 (건),특별법범 (건),특별법범 (건),특별법범 (건),특별법범 (건),특별법범 (건),특별법범 (건),특별법범 (건),특별법범 (건),특별법범 (건),특별법범 (건),특별법범 (건),특별법범 (건),특별법범 (건),특별법범 (건),특별법범 (건),특별법범 (건),특별법범 (건),특별법범 (건),특별법범 (건),특별법범 (건),특별법범 (건),특별법범 (건),특별법범 (건),특별법범 (건),특별법범 (건),특별법범 (건),특별법범 (건),특별법범 (건),특별법범 (건),특별법범 (건),특별법범 (건),특별법범 (건),특별법범 (건),특별법범 (건),특별법범 (건),특별법범 (건)
"발생지역별(1)","시점",소계,소계,소계,소계,재산범죄,재산범죄,재산범죄,재산범죄,재산범죄,재산범죄,재산범죄,강력범죄(흉악),강력범죄(흉악),강력범죄(흉악),강력범죄(흉악),강력범죄(흉악),강력범죄(폭력),강력범죄(폭력),강력범죄(폭력),강력범죄(폭력),강력범죄(폭력),강력범죄(폭력),강력범죄(폭력),강력범죄(폭력),강력범죄(폭력),위조범죄,위조범죄,위조범죄,위조범죄,위조범죄,공무원범죄,공무원범죄,공무원범죄,공무원범죄,공무원범죄,풍속범죄,풍속범죄,풍속범죄,풍속범죄,과실범죄,과실범죄,과실범죄,과실범죄,기타형법범죄,기타형법범죄,기타형법범죄,기타형법범죄,기타형법범죄,기타형법범죄,기타형법범죄,기타형법범죄,기타형법범죄,기타형법범죄,기타형법범죄,기타형법범죄,기타형법범죄,기타형법범죄,기타형법범죄,기타형법범죄,기타형법범죄,소계,가정폭력 범죄의 처벌등에 관한 특례법,가축분뇨의 관리 및 이용에 관한법률,감염병의 예방 및 관리에 관한법률,개발제한구역의 지정 및 관리에 관한 특별조치법,개인정보보호법,건강기능식품에 관한법률,건설기계관리법,건설산업기본법,건축법,게임산업진흥에 관한법률,결혼중개업의 관리에 관한법률,경범죄처벌법,고용보험법,공유수면관리 및 매립에 관한법률,공유재산 및 물품관리법,공인중개사법,공중위생관리법,공직선거법,관세법,교통사고처리 특례법,국가기술자격법,국가보안법,국민체육진흥법,국토의계획 및 이용에 관한법률,근로기준법,근로자 퇴직급여 보장법,낚시관리 및 육성법,노동조합 및 노동관계 조정법,농수산물유통 및 가격안정에 관한법률,농수산물의 원산지표시에 관한법률,농지법,대기환경보전법,대부업 등의 등록 및 금융이용자 보호에 관한법률,도로교통법,도로교통법(무면허운전),도로교통법(사고후미조치),도로교통법(음주운전),도로교통법(음주측정거부),도로법,도시 및 주거환경 정비법,독점규제 및 공정거래에 관한법률,디자인보호법,마약류 관리에 관한법률(대마),마약류 관리에 관한법률(마약),마약류 관리에 관한법률(향정),물환경보전법,배타적경제수역에서의 외국인어업등에 관한 주권적권리의 행사에 관한법률,범죄수익 은닉의 규제 및 처벌 등에 관한법률,변호사법,병역법,보조금관리에 관한법률,부동산 실권리자 명의 등기에 관한법률,부정경쟁방지 및 영업비밀 보호에 관한법률,부정수표단속법,사행행위 등 규제 및 처벌특례법,산림자원의 조성 및 관리에 관한법률,산업안전보건법,산지관리법,상표법,석유 및 석유대체연료 사업법,선박안전법,선박직원법,성매매알선 등 행위의 처벌에 관한법률,수도법,수산업법,수산자원관리법,스토킹범죄의처벌등에관한법률,식품위생법,신용정보의 이용 및 보호에 관한법률,아동·청소년의 성보호에 관한법률(성매수등),아동·청소년의 성보호에 관한법률(성착취물등),아동·청소년의 성보호에 관한법률(음란물등),아동복지법,액화석유가스의 안전관리 및 사업법,약사법,여객자동차 운수 사업법,여신전문 금융업법,영유아보육법,예비군법,옥외광고물등의 관리와 옥외광고산업진흥에 관한법률,외국환거래법,위험물 안전관리법,유사수신행위의 규제에 관한법률,의료기기법,의료법,자동차관리법,자동차 손해배상 보장법,자본시장과 금융투자업에 관한법률,저작권법,전자금융거래법,전파법,정보통신망이용촉진 및 정보보호 등에 관한법률,조세범처벌법,주민등록법,주차장법,주택법,직업안정법,집회 및 시위에 관한법률,청소년보호법,총포·도검·화약류등의 안전관리에 관한법률,최저임금법,축산물 위생관리법,출입국관리법,통신비밀 보호법,특가법(도주차량),특허법,폐기물관리법,풍속영업의 규제에 관한법률,하천법,학교보건법,학원의 설립운영 및 과외교습에 관한법률,화물자동차 운수 사업법,화재로 인한 재해보상과 보험가입에 관한법률,화재예방·소방시설설치유지 및 안전관리에 관한법률,화학물질관리법,기타특별법
"발생지역별(1)","시점",소계,소계,소계,소계,소계,절도,장물,사기,횡령,배임,손괴,소계,살인,강도,방화,성폭력,소계,폭행,상해,협박,공갈,약취와 유인,체포와 감금,폭력행위등(손괴강요주거침입등),폭력행위등(단체등의구성 활동),소계,통화,유가증권·인지·우표,문서,인장,소계,직무유기,직권남용,수뢰,증뢰,소계,도박과 복표,신앙,기타음란행위,소계,과실치사상,업무상 과실치사상,실화,소계,명예,권리행사방해,신용업무경매,주거침입,비밀침해,유기,교통방해,공무방해,도주와범인은닉,위증과 증거인멸,무고,공안을 해하는죄,내란의죄,음용수에 관한죄,일수와 수리에 관한죄,기타,소계,소계,소계,소계,소계,소계,소계,소계,소계,소계,소계,소계,소계,소계,소계,소계,소계,소계,소계,소계,소계,소계,소계,소계,소계,소계,소계,소계,소계,소계,소계,소계,소계,소계,소계,소계,소계,소계,소계,소계,소계,소계,소계,소계,소계,소계,소계,소계,소계,소계,소계,소계,소계,소계,소계,소계,소계,소계,소계,소계,소계,소계,소계,소계,소계,소계,소계,소계,소계,소계,소계,소계,소계,소계,소계,소계,소계,소계,소계,소계,소계,소계,소계,소계,소계,소계,소계,소계,소계,소계,소계,소계,소계,소계,소계,소계,소계,소계,소계,소계,소계,소계,소계,소계,소계,소계,소계,소계,소계,소계,소계,소계,소계,소계,소계,소계,소계
"계","2018",1738190,51826059,3353.9,988398,576937,177458,965,278566,57172,5788,56988,35272,849,841,1478,32104,233392,164500,43666,17777,4823,199,1494,769,164,17535,1203,246,14877,1209,4422,1558,1835,757,272,9097,6074,374,2649,8836,2806,3621,2409,102907,28827,13482,23629,13701,112,332,1429,11369,430,3335,6049,107,25,17,10,53,749792,361,955,95,870,1498,374,710,1992,4047,5078,112,6713,2018,4179,57,1226,1704,2231,746,192030,60,57,226,1177,46856,14352,561,709,35,3975,743,2551,1496,13958,24440,15241,140515,2945,2056,417,77,243,944,1283,5592,1844,192,355,716,6941,358,486,625,1781,305,732,6499,2473,3489,1576,1946,2179,6978,151,2897,2017,-,6800,22,345,-,993,4123,84,844,723,2411,173,7428,356,868,450,871,534,3154,21464,28585,376,10284,8318,647,14905,3044,2211,240,586,391,192,8351,349,821,572,2633,237,2833,201,1776,156,219,3,512,2393,9,389,478,54393
"계","2019",1767684,51849861,3409.2,1041395,627430,187629,925,313593,60819,5996,58468,35066,847,845,1345,32029,232316,161915,40306,21648,5574,260,1591,853,169,16771,1026,200,14982,563,3879,1365,1784,540,190,11447,8086,365,2996,9176,3130,3713,2333,105310,29938,12037,23107,17181,128,260,1382,12056,364,2887,5701,171,16,16,10,56,726289,395,956,219,678,1719,302,1081,912,3947,4480,89,7638,2739,6040,1562,886,1939,82,860,199592,1106,54,388,1558,46503,13466,1157,631,41,2849,746,2633,1603,14804,23588,12220,107425,2691,2131,513,51,303,1566,1437,6289,789,149,311,560,6331,1156,417,560,1603,261,837,7689,2431,3828,1336,1110,2202,5241,128,3934,2235,-,7480,37,319,-,748,5444,97,1024,1207,2269,195,6475,217,747,498,1203,292,3593,22193,23741,339,8140,8648,1930,15459,2998,1770,155,662,343,225,8065,371,884,495,4306,268,405,228,1945,87,266,9,409,2305,13,513,638,61657
"계","2020",1714579,51829023,3308.1,1044438,659058,180067,616,354154,60539,5178,58504,32812,805,692,1210,30105,210241,143600,36022,21814,5993,223,1467,982,140,15614,627,118,14282,587,3689,1419,1668,472,130,10951,8068,228,2655,8873,2883,3604,2386,103200,30733,9221,22917,18342,151,235,1454,11238,332,2370,5908,185,33,25,8,48,670141,402,948,2482,673,2198,239,333,697,3401,3918,83,7702,2606,9005,111,911,2212,1439,599,184990,397,51,384,1333,36972,10321,1036,603,30,2068,878,2379,1320,13383,21368,11717,95569,2926,2117,471,35,460,1790,1899,6916,668,79,296,459,2063,1066,475,674,850,263,880,4847,2594,3078,998,1937,4322,3511,168,5744,2305,-,6734,54,286,2684,-,6238,107,1222,898,2138,144,1855,162,312,729,1096,415,3076,24870,19485,346,6826,6743,405,17763,2854,2137,104,597,208,282,7690,392,814,305,2584,297,9821,212,2118,77,244,-,382,3198,23,391,702,51472
"계","2021",1531705,51638809,2966.2,917787,575332,166782,302,297981,51588,4282,54397,35126,692,511,1025,32898,180460,119515,30862,21502,5587,251,1401,1209,133,13518,379,82,12425,632,3717,1423,1588,586,120,9135,6321,252,2562,8179,2557,3339,2283,92320,31409,6318,17574,18535,122,273,1449,9640,237,1933,4551,204,17,27,15,16,613918,1088,835,7458,492,2209,183,285,645,2360,2775,39,7100,2909,5127,83,944,1720,331,393,155625,52,83,588,1324,28974,8091,502,526,32,2314,1367,2867,759,12071,18482,8982,91055,3243,4306,497,38,188,1682,1338,6039,601,95,284,363,1604,671,413,487,669,182,736,4477,2523,2967,501,2091,3814,3221,177,1815,884,1024,5160,29,338,1672,-,12579,148,938,418,1925,137,275,140,246,596,558,286,2508,28517,16593,468,6514,7194,1380,18651,2061,1599,73,760,148,307,5021,348,674,283,1346,295,8840,142,2206,66,1795,1,380,3079,39,517,612,58456
"서울","2018",341288,9765623,3494.8,213505,125729,39306,194,57121,16659,1536,10913,9975,150,145,292,9388,45815,35525,5639,3220,945,49,259,160,18,4049,457,90,3368,134,1270,412,585,193,80,1480,831,45,604,1497,621,551,325,23690,7500,2109,5722,2931,27,208,100,2584,69,852,1534,18,21,1,-,14,127783,75,2,17,54,440,43,44,542,272,808,20,1787,261,1,6,163,462,230,102,34797,12,35,51,45,10099,3860,-,189,7,100,1,179,330,2301,4392,1170,15364,328,143,166,58,68,323,61,1451,62,-,89,217,2102,43,81,198,432,49,19,932,17,1367,24,-,-,1498,8,-,-,-,1456,8,33,-,166,587,3,234,115,636,25,1408,75,293,15,447,269,934,4953,4348,284,3325,1877,375,4430,832,421,131,113,68,106,1352,96,210,61,340,53,372,57,62,55,7,2,119,589,-,17,168,8259
"서울","2019",340504,9729107,3499.8,220375,133564,42362,164,61178,17648,1489,10723,9939,160,157,252,9370,44745,34070,5079,3950,1138,64,254,163,27,4121,443,85,3468,125,1157,325,595,174,63,1952,1087,124,741,1567,706,533,328,23330,7095,1670,5416,3838,33,152,82,2648,65,746,1428,105,15,3,-,34,120129,79,3,45,76,448,47,34,188,254,795,22,2083,388,-,3,168,720,13,103,34492,14,25,97,38,9491,3528,-,138,2,68,3,147,283,2293,3802,917,11171,307,107,157,40,84,557,72,1510,30,-,109,161,1848,115,84,211,532,42,19,1119,17,1611,17,-,-,1093,12,-,-,-,1684,8,48,-,228,768,15,276,85,509,17,1261,55,176,13,542,134,975,5303,3188,242,2239,2172,510,4572,751,386,58,85,73,116,1321,97,232,51,434,63,113,66,61,29,3,3,120,597,-,40,182,8396
"서울","2020",318320,9668465,3292.4,212043,134003,38414,67,66999,16726,1283,10514,8814,168,143,218,8285,38551,28699,4243,4040,1060,54,262,176,17,3432,208,40,3083,101,961,338,436,140,47,2075,1358,17,700,1494,567,554,373,22713,7094,1301,5324,4198,33,119,73,2353,64,606,1396,115,20,3,-,14,106277,96,1,744,45,566,46,22,154,328,534,13,2109,393,-,8,179,417,297,77,31193,12,32,62,13,7025,2530,-,104,1,55,7,82,297,2468,2906,932,10524,313,107,172,22,94,749,66,1753,28,-,62,160,447,92,87,240,218,41,25,594,14,966,22,-,-,699,18,-,-,-,1738,10,39,465,-,995,3,291,43,490,6,344,33,77,7,639,175,829,5550,1972,233,1762,1372,140,5055,730,406,63,78,42,160,1110,128,197,39,339,71,1047,55,41,20,5,-,111,399,1,25,198,7483
"서울","2021",274830,9509458,2890.1,179429,110514,33639,39,52627,13728,1068,9413,8901,130,125,187,8459,32900,24030,3413,3889,1015,56,276,210,11,2732,130,32,2492,78,799,294,364,106,35,1599,995,17,587,1406,493,520,393,20578,7853,854,3866,4036,29,121,67,1981,38,503,1128,78,12,3,-,9,95401,224,-,1840,34,553,45,15,120,243,252,12,1896,442,-,1,152,424,164,76,25580,5,52,126,12,5213,1903,-,88,4,75,4,165,172,2603,2600,840,9070,296,143,137,22,42,589,97,1609,25,-,42,101,305,43,47,154,231,30,10,568,12,1021,11,-,-,585,18,-,-,247,1096,9,41,350,-,2169,6,239,45,328,18,34,24,90,7,244,119,692,6838,1480,285,1710,1259,126,5693,526,291,34,69,26,175,701,86,111,40,157,80,976,24,63,19,3,1,68,295,-,67,152,7145
"부산","2018",126230,3441453,3667.9,75907,45536,14464,291,23114,3740,376,3551,2262,55,87,108,2012,16642,10802,4074,1158,458,12,98,29,11,1140,47,14,1048,31,375,117,148,92,18,1426,1256,6,164,846,217,271,358,7680,2555,934,1560,881,8,9,40,876,52,238,494,27,1,-,-,5,50323,20,7,5,142,141,27,30,44,257,392,4,391,77,305,7,105,257,87,217,10627,5,-,20,29,3161,946,-,59,6,171,21,89,270,1086,1210,371,8585,106,93,71,2,11,69,29,868,32,-,59,58,163,16,42,48,278,4,9,328,13,289,895,1131,14,698,7,47,56,-,946,3,38,-,103,263,2,95,25,360,6,470,26,121,25,80,29,277,2160,1347,5,695,623,47,1089,201,146,7,62,26,5,514,37,95,41,116,21,107,17,41,10,3,-,51,120,-,8,16,5237
"부산","2019",128725,3413841,3770.7,81027,50307,14628,236,27083,4036,478,3846,2317,69,86,97,2065,17072,11263,3748,1504,420,16,64,40,17,1205,29,15,1132,29,337,141,130,50,16,1055,863,2,190,637,216,289,132,8097,2784,805,1621,1066,16,8,50,906,29,237,558,16,-,-,-,1,47698,7,14,10,109,138,31,21,68,272,352,2,455,126,6,1358,75,359,-,209,11340,15,1,22,52,3076,747,24,40,9,151,14,98,207,795,1191,356,5711,106,96,90,1,22,42,30,785,15,2,33,27,153,340,30,25,216,6,4,497,20,279,708,33,154,532,9,75,79,-,939,4,35,-,66,333,4,116,37,285,9,431,3,80,33,126,21,386,1895,1425,11,663,536,80,1011,205,114,41,55,20,14,516,25,61,27,166,21,18,11,68,7,4,-,19,78,-,21,20,5788
"부산","2020",127673,3391946,3764,83892,55641,14280,227,32872,4097,408,3757,2123,60,39,86,1938,15559,10288,3218,1461,409,11,101,67,4,1150,26,6,1074,44,254,96,107,40,11,694,539,6,149,691,249,290,152,7780,2633,632,1756,1078,13,8,44,924,26,177,478,5,1,3,-,2,43781,14,8,226,120,172,9,20,51,280,191,5,413,101,2982,10,91,353,100,140,10804,7,3,25,29,2301,572,1,44,16,127,14,78,154,786,1349,306,3948,116,78,72,-,42,153,38,946,20,-,63,28,102,75,43,31,107,10,8,305,19,354,89,1284,659,317,8,50,60,-,799,13,21,163,-,337,4,109,31,263,9,110,11,37,17,47,77,306,2276,1320,6,474,456,57,1190,179,171,4,52,15,17,458,53,84,25,100,24,562,5,60,5,7,-,35,96,-,8,24,2737
"부산","2021",113558,3350380,3389.4,71623,46816,12748,74,26364,3560,545,3525,2336,48,51,52,2185,12793,7972,2855,1414,373,12,90,73,4,995,22,5,937,31,357,152,158,37,10,674,487,5,182,592,188,290,114,7060,2794,447,1330,1155,5,15,29,744,10,134,376,18,-,-,3,-,41935,42,2,769,51,209,7,7,49,114,176,4,473,123,1445,27,80,385,48,74,8889,10,2,45,14,1995,545,6,55,9,150,10,128,80,770,1201,232,3913,145,206,88,5,19,61,36,599,38,-,26,28,82,38,22,22,67,23,8,308,13,303,143,715,6,400,6,45,76,60,906,2,18,101,-,657,4,89,9,232,11,13,4,9,6,39,20,214,3002,1231,8,442,571,55,1128,118,140,1,66,4,14,299,24,84,19,69,18,573,2,64,7,333,-,28,58,1,16,12,5487
"대구","2018",79489,2461769,3228.9,44294,25896,8204,45,12431,2307,190,2719,1426,33,48,69,1276,10803,7009,2725,761,206,5,67,27,3,930,44,54,806,26,169,60,64,37,8,345,252,3,90,339,140,139,60,4386,1266,518,924,533,2,4,25,576,26,222,280,9,-,-,-,1,35195,68,13,1,11,55,32,25,21,8,208,6,319,171,-,-,101,15,77,15,11622,1,2,4,9,2248,760,-,26,-,14,3,55,81,485,1166,884,6925,125,43,20,-,15,22,11,338,26,-,17,30,209,19,46,24,197,7,2,240,6,111,30,-,-,327,4,-,2,-,172,1,19,-,48,176,7,44,12,87,9,305,3,11,18,40,19,226,1162,872,6,350,450,36,541,113,108,5,10,25,7,387,12,58,19,59,14,232,9,27,11,-,-,23,147,-,17,27,1969
"대구","2019",82905,2438031,3400.5,48919,30454,9272,18,15389,2746,229,2800,1429,42,36,61,1290,10726,7007,2441,955,191,2,85,41,4,829,22,12,773,22,101,34,38,21,8,582,451,4,127,352,166,127,59,4446,1241,488,954,680,4,3,31,569,38,183,248,4,-,-,1,2,33986,67,-,6,13,68,13,29,16,21,246,1,372,137,2,1,47,24,3,13,12527,5,1,13,35,2220,741,-,26,1,3,11,58,64,515,1168,687,5164,119,52,35,2,16,35,9,338,17,-,23,33,166,27,19,10,118,7,4,371,2,176,24,-,-,217,3,-,-,-,209,-,16,-,41,222,11,33,8,105,4,274,2,15,8,50,11,182,1316,898,8,313,359,41,601,112,118,3,62,7,2,399,30,77,30,76,14,15,1,45,2,2,-,16,104,-,16,29,1958
"대구","2020",79182,2418346,3274.2,48772,31781,8700,22,17472,2575,190,2822,1218,32,35,52,1099,9674,6229,2142,980,223,3,59,35,3,772,18,4,723,27,219,96,85,25,13,549,439,2,108,320,133,120,67,4239,1274,371,915,679,7,7,30,563,25,126,234,6,-,-,-,2,30410,47,5,110,19,100,25,14,24,16,198,7,335,100,-,4,35,21,51,17,11533,3,1,22,4,1725,599,-,62,1,-,8,31,52,566,1117,579,4219,114,35,24,1,16,29,30,339,19,-,28,22,98,33,23,23,94,7,8,279,6,155,22,-,-,125,6,-,-,-,148,-,15,102,-,203,8,45,6,113,1,93,7,4,27,37,7,89,1442,825,13,251,231,28,587,110,122,1,15,10,13,309,14,74,17,93,8,636,6,33,4,3,-,10,43,-,15,59,1347
"대구","2021",72339,2385412,3032.6,44696,29797,9309,7,15393,2352,149,2587,1396,27,23,55,1291,8518,5492,1797,933,188,6,54,44,4,625,9,1,590,25,116,52,57,6,1,311,189,1,121,301,111,121,69,3632,1124,264,648,744,2,13,34,470,17,123,181,11,-,-,-,1,27643,58,6,535,11,63,6,3,17,12,153,1,312,98,-,1,69,42,3,9,9149,2,-,21,9,1401,434,-,37,7,1,6,52,40,486,1174,404,4415,124,152,53,-,5,23,42,267,8,-,32,6,98,26,18,17,107,2,4,182,4,165,22,-,-,70,7,-,1,47,145,4,17,66,-,447,7,30,12,86,3,8,3,6,26,17,14,69,1595,726,16,270,323,39,540,94,103,4,55,11,5,224,31,79,34,73,12,552,5,61,3,-,-,39,34,2,12,14,1208
"인천","2018",94605,2954642,3201.9,59118,32555,9483,65,15666,3468,295,3578,2312,44,37,77,2154,15900,12119,2044,1111,391,16,138,71,10,855,96,14,715,30,140,52,56,23,9,479,276,13,190,516,198,234,84,6361,1462,814,2242,665,2,12,45,622,13,146,321,13,-,2,-,2,35487,17,4,5,21,72,27,25,105,283,393,2,452,17,5,5,95,94,63,305,6378,2,3,21,25,13,1,241,1,3,123,24,125,47,917,1128,634,7408,116,191,21,1,24,109,34,638,30,15,26,46,543,11,15,35,60,9,19,1,51,249,21,34,23,970,1,18,30,-,407,1,44,-,79,202,2,52,102,105,6,476,26,374,29,22,33,148,1588,1805,7,547,560,1,810,197,126,7,11,3,10,510,20,1,26,193,2,212,14,55,10,1,1,25,106,-,18,22,4066
"인천","2019",101289,2957026,3425.4,63447,35354,10149,186,16958,4319,262,3480,2276,51,60,72,2093,16431,12592,1814,1319,425,12,215,52,2,1127,127,13,944,43,354,121,197,21,15,755,509,-,246,477,207,168,102,6673,1677,817,1487,919,9,17,52,1239,28,156,270,2,-,-,-,-,37842,27,4,19,93,145,33,29,34,228,309,7,500,2,1371,11,52,77,2,444,7196,7,2,23,33,9,1,30,1,16,78,20,116,86,1350,1394,460,5711,103,176,27,-,23,276,30,744,23,6,20,34,479,64,27,39,67,8,29,3,45,464,43,18,4,522,4,30,30,-,445,4,19,-,51,259,2,71,39,94,3,512,16,388,33,35,27,206,2128,2007,8,534,580,-,920,168,123,9,40,16,6,489,20,-,27,307,15,26,16,70,2,-,6,22,158,-,24,28,4631
"인천","2020",96340,2942828,3273.7,61151,36748,8991,41,19807,4320,206,3383,2031,36,46,65,1884,14535,10756,1746,1359,473,13,124,58,6,841,53,6,742,40,130,53,62,13,2,549,344,8,197,458,190,176,92,5859,1667,542,1527,1051,11,5,54,585,23,109,270,11,-,-,-,4,35189,19,8,183,87,117,25,21,34,183,208,3,560,1,894,9,49,61,45,301,7244,1,2,25,21,6,-,9,-,4,52,13,128,67,837,1448,437,5027,128,205,11,-,50,314,31,769,25,2,7,17,141,22,16,27,28,13,24,2,48,376,17,91,333,344,4,21,16,-,420,1,31,176,-,390,4,67,37,68,5,150,7,128,31,18,19,148,1825,1410,7,455,510,1,971,165,160,5,93,5,8,506,18,-,23,251,9,923,8,55,4,-,-,19,67,1,28,69,4682
"인천","2021",85432,2948375,2897.6,52815,30638,8183,20,15390,3710,203,3132,2347,46,34,54,2213,11977,8085,1828,1321,521,18,114,85,5,650,17,5,589,39,364,82,89,182,11,451,265,3,183,436,140,181,115,5952,1925,379,1167,1451,9,19,53,610,20,91,214,13,-,1,-,-,32617,62,5,548,55,133,16,19,23,116,111,3,566,7,258,2,41,117,2,166,5642,1,6,50,66,2,-,19,2,10,71,68,153,41,758,1085,365,4724,109,374,18,2,10,422,25,845,21,10,11,16,132,26,15,20,13,13,16,1,44,211,24,26,178,146,3,35,14,84,195,2,28,138,-,789,5,67,10,143,9,43,8,89,40,10,12,118,1536,1027,15,433,441,-,1139,120,108,1,109,2,8,281,17,-,18,105,16,987,9,45,6,-,-,12,72,6,53,33,6135
"광주","2018",51223,1459336,3510,28120,16086,4927,27,7923,1605,161,1443,977,24,28,34,891,6955,5153,1184,395,130,4,50,23,16,598,36,-,540,22,260,139,85,25,11,229,146,6,77,218,74,81,63,2797,747,465,623,320,2,13,30,251,13,143,173,2,1,-,1,13,23103,14,4,-,3,50,11,3,15,14,217,6,144,30,-,-,23,43,76,15,6758,1,7,7,16,2359,557,-,34,-,8,4,50,47,269,752,636,4690,74,31,26,2,4,23,20,127,23,-,17,39,70,10,7,9,28,33,4,308,7,33,14,-,-,174,4,-,-,-,207,-,27,-,32,128,1,22,2,45,-,200,7,1,6,50,18,92,665,998,7,234,164,24,376,71,50,3,15,7,2,269,8,47,8,60,6,89,3,22,3,2,-,9,47,-,9,19,1098
"광주","2019",52827,1456468,3627.1,30296,17756,5018,9,9079,1888,233,1529,949,22,30,42,855,7336,5351,1153,593,147,4,65,18,5,644,12,5,604,23,200,98,72,21,9,289,215,4,70,200,66,83,51,2922,861,381,755,381,3,9,22,215,13,100,174,5,-,-,-,3,22531,14,3,1,3,69,5,12,17,23,165,2,132,76,-,1,38,44,4,9,7451,1,4,5,9,2390,595,-,35,-,10,4,63,46,202,574,597,3341,70,37,33,1,1,32,10,103,14,-,22,34,69,15,8,18,12,13,9,374,2,76,18,1,-,140,2,-,-,-,207,1,13,-,31,168,2,26,8,68,-,254,2,7,11,121,7,102,849,695,25,279,259,76,370,73,58,-,25,5,2,266,2,40,11,87,9,8,8,27,-,4,-,5,53,-,3,25,1180
"광주","2020",49869,1450062,3439.1,29178,18187,5021,9,9771,1756,163,1467,855,15,34,16,790,6136,4420,949,542,135,6,46,30,8,610,19,12,551,28,163,71,68,18,6,234,152,4,78,205,69,87,49,2788,902,339,633,369,8,6,20,202,15,99,183,2,3,-,2,5,20691,8,4,92,6,96,10,-,21,13,187,2,142,87,-,-,18,29,54,15,6931,3,4,5,9,1745,392,-,21,-,8,-,24,26,229,645,428,3592,80,24,18,-,2,32,12,120,10,-,5,30,56,23,8,6,20,12,6,242,1,33,22,-,-,74,1,1,-,-,188,4,7,98,-,159,3,30,9,69,5,36,3,3,5,57,7,102,946,614,3,172,163,23,404,67,74,-,28,5,12,288,5,25,6,56,20,481,3,24,-,1,-,12,19,2,13,29,727
"광주","2021",44610,1441611,3094.5,25950,16131,4945,6,7943,1606,133,1498,909,13,16,21,859,5293,3714,843,489,128,9,65,39,6,422,7,-,397,18,221,73,96,39,13,184,105,9,70,174,35,88,51,2616,915,217,611,338,2,7,30,246,8,89,146,5,-,1,1,-,18660,26,-,125,1,84,3,3,10,10,124,-,149,113,-,-,22,59,7,11,6247,-,-,9,5,1355,258,-,36,-,7,15,64,25,247,384,340,3373,105,73,15,-,-,23,7,110,6,-,15,25,52,17,12,6,3,9,4,228,4,69,5,-,-,79,-,-,-,19,172,2,5,30,-,252,2,79,11,79,2,6,-,5,5,19,9,113,1102,424,7,129,174,24,352,72,39,-,23,6,7,198,9,25,2,39,14,279,-,39,-,1,-,4,16,-,17,39,830
"대전","2018",48184,1489936,3234,29932,16837,5596,26,8186,1414,105,1510,1254,17,51,43,1143,7809,5857,1102,621,165,2,43,19,-,523,57,2,446,18,119,39,51,22,7,279,144,1,134,209,71,72,66,2902,744,507,551,372,2,8,13,363,18,136,185,2,-,1,-,-,18252,8,1,1,4,45,16,8,71,152,161,5,170,65,-,1,16,17,32,1,7279,5,-,3,9,3,-,-,-,-,10,2,55,31,303,388,163,3341,65,33,7,1,5,15,8,101,16,-,9,23,215,7,17,25,24,24,4,1,1,66,33,-,-,277,3,-,-,-,150,-,16,-,62,180,3,22,5,85,2,244,6,2,10,22,19,66,333,592,8,634,202,43,386,95,27,13,7,6,4,281,6,-,31,29,9,72,18,20,5,4,-,22,134,1,16,35,979
"대전","2019",47929,1474870,3249.7,30255,18462,5905,15,9583,1336,132,1491,1123,23,25,48,1027,6843,4872,1052,684,168,5,44,18,-,507,23,3,472,9,97,36,38,16,7,229,124,1,104,181,69,62,50,2813,769,432,543,442,5,5,14,323,15,101,158,1,-,-,1,4,17674,20,-,-,10,54,19,3,37,103,124,5,173,-,-,-,26,17,2,-,7847,7,-,5,5,20,1,-,-,-,11,6,53,26,266,430,122,2722,43,39,9,1,6,9,10,127,5,-,3,17,148,10,13,15,27,17,7,5,2,89,27,-,-,120,8,-,-,-,181,3,13,-,21,196,1,17,12,82,5,216,13,1,5,25,6,54,397,484,12,483,233,120,359,67,40,5,7,4,8,317,2,-,31,27,17,5,13,16,2,1,-,16,22,-,11,23,1230
"대전","2020",46960,1463882,3207.9,30771,19131,5317,5,10645,1399,120,1645,993,23,15,37,918,6742,4791,978,729,178,7,38,21,-,483,21,1,447,14,135,34,82,16,3,235,143,2,90,220,76,80,64,2832,937,271,546,430,7,2,16,386,13,67,143,4,8,1,-,1,16189,16,1,42,9,86,1,2,9,71,73,7,173,2,1,1,24,18,30,-,6892,3,-,7,4,17,2,-,-,1,5,1,40,40,245,420,108,2414,53,25,20,1,39,18,5,144,8,-,3,10,61,33,9,55,7,38,14,5,8,260,15,-,-,86,4,-,-,-,187,2,16,80,-,270,-,29,4,63,2,51,1,1,4,23,7,63,491,407,12,194,223,32,472,77,65,-,14,9,3,275,9,-,11,18,19,311,57,21,1,3,-,12,29,-,7,28,900
"대전","2021",41921,1452251,2886.6,27519,17404,5081,6,9321,1295,131,1570,1089,19,10,40,1020,5667,3895,885,642,170,9,39,26,1,349,7,1,329,12,110,38,57,10,5,284,172,2,110,170,66,64,40,2446,860,205,436,421,4,7,13,294,17,60,120,5,2,-,1,1,14402,60,2,87,6,58,2,2,10,53,77,-,176,5,-,-,14,16,3,-,5798,1,-,4,3,42,12,-,2,-,13,7,44,13,162,293,82,2191,53,47,20,1,21,9,15,91,5,-,16,6,50,7,9,45,3,3,5,12,4,238,18,-,-,46,11,-,-,27,95,-,15,41,-,446,4,36,7,80,2,12,4,-,7,20,13,52,518,362,7,274,282,22,467,48,35,1,9,7,2,198,2,-,12,10,10,213,56,19,2,2,-,30,33,1,4,19,923
"울산","2018",25323,1155623,2191.3,13382,7770,2310,5,4057,486,56,856,351,7,16,22,306,3641,2564,805,192,53,2,16,9,-,159,5,6,145,3,35,13,14,6,2,106,77,-,29,101,31,45,25,1219,300,168,289,150,3,-,25,178,14,27,64,1,-,-,-,-,11941,4,1,1,10,20,3,6,9,33,80,1,88,70,16,1,11,7,34,2,2278,1,-,7,24,1173,385,1,33,-,3,10,54,3,292,296,383,2566,32,11,7,-,2,5,3,37,19,-,2,11,39,11,7,2,4,-,7,147,34,8,12,36,4,32,7,12,52,-,47,1,2,-,12,132,-,2,3,16,2,89,2,2,10,3,-,11,281,530,-,86,93,9,143,28,12,-,11,2,1,103,3,23,2,28,6,68,1,33,-,2,-,4,16,-,6,1,1666
"울산","2019",25814,1148019,2248.6,13133,7945,2181,8,4411,457,70,818,380,17,14,14,335,3123,2001,764,270,54,1,21,11,1,172,4,1,162,5,26,6,14,5,1,188,144,2,42,116,35,57,24,1183,280,161,295,197,2,2,21,152,6,10,55,1,-,1,-,-,12681,1,12,3,4,22,-,6,11,19,66,1,82,184,338,-,11,7,-,1,2402,1,-,23,13,1064,316,4,40,-,7,6,25,30,323,540,294,2258,47,13,-,-,3,7,6,42,18,-,-,8,29,32,8,2,13,-,3,201,18,21,11,12,47,18,6,13,5,-,43,-,6,-,3,177,2,10,26,25,1,74,1,1,10,3,-,28,203,530,-,65,73,25,152,32,20,1,15,-,1,141,3,25,2,44,2,1,3,34,1,4,-,9,42,-,6,5,2135
"울산","2020",24911,1136017,2192.8,13630,8618,2076,9,5245,458,94,736,357,8,9,21,319,2775,1760,680,238,67,4,16,9,1,184,3,-,172,9,57,24,28,4,1,340,319,2,19,111,31,59,21,1188,318,141,303,188,3,3,17,157,3,14,41,-,-,-,-,-,11281,11,7,10,6,16,-,4,3,10,51,-,83,111,1234,1,9,8,38,2,2108,-,-,1,15,805,233,7,55,-,2,4,23,20,386,496,208,1735,45,23,4,-,4,5,4,50,19,-,2,6,19,20,8,7,-,-,2,174,13,14,6,3,2,12,8,8,16,-,32,1,3,35,-,203,-,7,-,10,2,17,-,-,19,8,1,40,287,422,-,57,64,9,164,25,34,-,5,2,-,106,2,17,3,25,6,123,-,33,1,4,-,5,26,-,4,4,1299
"울산","2021",23463,1121592,2091.9,12267,7639,2103,5,4288,466,63,714,399,8,5,20,366,2608,1636,608,267,51,3,15,27,1,290,-,1,278,11,74,26,38,9,1,68,37,2,29,97,19,44,34,1092,373,103,219,175,-,4,23,157,3,7,28,-,-,-,-,-,11196,9,3,71,7,19,-,4,12,7,53,-,67,132,7,-,5,7,6,3,2006,-,2,6,28,620,200,2,23,-,1,13,32,24,393,423,163,2021,42,30,3,-,-,4,6,36,18,-,6,2,14,9,4,4,1,-,4,138,17,20,4,6,898,5,2,10,3,9,49,-,2,23,-,366,1,6,2,14,2,6,2,3,18,6,2,35,327,361,1,45,129,5,151,28,18,2,13,2,10,77,3,14,2,19,5,121,3,35,1,8,-,3,17,1,8,70,1516
"세종","2018",5331,314126,1697.1,3170,2037,588,-,1052,216,5,176,139,5,5,4,125,536,310,141,68,11,-,2,4,-,42,3,-,38,1,23,16,6,1,-,24,14,1,9,40,9,13,18,329,95,56,49,51,1,-,8,40,-,3,26,-,-,-,-,-,2161,2,7,-,-,7,-,3,3,16,15,-,7,1,-,-,3,1,8,-,731,-,-,-,-,-,-,-,-,-,5,6,32,4,39,49,12,516,10,6,-,-,-,2,10,9,4,-,-,2,72,-,3,1,22,1,1,-,5,2,8,-,-,5,1,-,-,-,9,-,-,-,-,15,-,-,2,4,1,42,1,-,4,1,1,4,53,18,1,71,14,-,82,19,8,-,11,-,-,20,-,-,6,11,-,16,-,8,-,-,-,-,10,-,2,-,96
"세종","2019",6300,340575,1849.8,4024,2735,850,3,1359,282,20,221,103,3,-,2,98,655,381,158,97,15,1,1,1,1,54,4,1,46,3,31,15,14,2,-,31,17,7,7,30,6,16,8,385,122,71,54,53,1,-,7,54,-,5,16,2,-,-,-,-,2276,2,13,-,-,8,-,1,1,16,16,2,9,-,-,-,8,5,-,-,837,1,-,1,8,-,-,-,-,-,2,8,35,3,49,57,30,381,16,2,-,-,-,1,9,22,4,-,-,3,46,2,-,1,-,-,-,-,12,8,2,-,-,2,-,-,-,-,11,-,2,-,3,28,-,3,1,6,-,40,3,2,1,2,-,7,94,56,-,72,15,-,91,13,11,-,7,1,-,33,1,-,1,10,-,-,-,9,-,-,-,3,5,-,4,-,118
"세종","2020",6651,355831,1869.1,4199,2887,876,1,1537,203,29,241,118,8,2,2,106,634,353,150,92,26,1,3,9,-,72,3,-,66,3,20,6,10,4,-,15,10,1,4,34,14,10,10,419,156,44,79,67,-,-,6,44,-,5,18,-,-,-,-,-,2452,2,6,22,-,12,-,2,4,26,11,-,8,1,-,-,27,6,-,-,723,1,-,-,13,-,-,-,-,-,28,31,23,6,39,55,42,416,17,1,-,-,-,2,15,20,5,-,-,2,7,4,4,3,8,3,3,-,38,4,4,-,-,3,-,-,-,-,7,1,1,12,-,26,1,7,1,12,1,11,3,-,4,-,1,18,79,84,-,197,18,-,85,15,5,-,7,1,1,22,1,-,1,4,3,31,-,5,-,-,-,3,8,-,5,-,124
"세종","2021",6147,371895,1652.9,3924,2618,1043,1,1119,185,24,246,146,4,1,2,139,620,320,147,110,31,3,5,4,-,43,-,-,42,1,37,21,14,2,-,28,12,2,14,42,9,20,13,390,144,43,46,80,2,2,11,41,-,2,19,-,-,-,-,-,2223,10,4,24,-,18,-,1,4,14,13,-,14,-,-,-,25,2,1,-,599,1,-,-,14,-,-,-,-,-,20,23,3,1,30,49,33,413,20,14,-,-,-,-,13,27,-,-,-,4,6,3,7,2,2,2,8,1,41,5,3,-,-,7,-,-,-,2,23,-,2,12,-,72,-,2,1,23,-,1,-,1,1,-,-,11,120,74,-,43,24,-,89,8,8,-,4,1,-,40,1,-,-,2,3,22,-,1,-,-,-,1,4,-,1,-,145
"경기","2018",429953,13077153,3287.8,235878,137837,41207,172,65076,15041,1155,15186,7905,209,170,361,7165,58018,42805,8483,4991,1110,53,376,173,27,3444,286,40,2878,240,802,237,355,145,65,2067,1199,90,778,2153,682,863,608,23652,6370,3128,6086,3337,36,24,355,2276,65,658,1281,29,1,2,-,4,194075,72,295,36,582,309,73,155,928,941,1179,19,1874,856,34,16,251,400,379,15,49012,10,5,38,448,14643,4506,60,146,16,1753,385,1068,268,3816,6444,4780,39469,798,833,71,6,90,189,299,1043,302,-,51,156,2095,106,121,179,470,37,79,2145,592,611,105,6,9,1791,55,372,133,-,1433,1,81,-,278,1219,16,198,151,478,77,2058,157,24,143,78,97,749,4540,8400,35,2157,2025,3,3619,732,433,24,278,78,31,2056,52,180,196,916,45,834,54,626,42,68,-,197,883,7,127,99,10075
"경기","2019",433498,13239666,3274.2,249200,149834,42015,115,75697,15400,1051,15556,7705,170,187,294,7054,58623,43012,7669,5901,1318,85,369,227,42,3294,218,45,2932,99,401,121,183,69,28,2834,1943,54,837,2298,757,867,674,24211,6883,2766,6064,4070,35,23,334,2336,48,475,1145,23,-,3,-,6,184298,99,230,63,327,318,72,781,307,1166,994,18,2287,1086,36,20,208,230,14,19,49466,27,12,129,601,15322,4321,314,146,9,740,355,1193,365,4002,5996,4165,30260,690,682,111,3,99,382,320,1338,321,-,32,83,2201,167,89,147,405,47,108,2661,598,670,130,25,1,1397,45,121,19,-,1658,9,74,-,130,1699,19,247,367,464,100,1678,57,36,158,89,66,943,5032,6465,18,1822,1978,3,3633,780,442,15,272,83,30,1915,66,239,152,1116,50,121,71,675,35,118,-,118,863,2,218,180,11402
"경기","2020",429487,13427014,3198.7,255655,160479,40851,93,86768,15911,1187,15669,7790,173,161,277,7179,52872,37789,6996,5958,1459,64,349,226,31,3437,148,25,3143,121,629,227,311,69,22,3647,2905,45,697,2303,766,821,716,24498,7418,2168,5779,4497,24,29,364,2330,61,440,1345,27,1,4,1,10,173832,93,216,591,329,484,87,119,198,998,1080,21,2170,1169,61,25,221,617,241,10,47297,19,6,163,484,12777,3374,35,114,4,550,440,1269,286,3896,5531,4471,26856,701,706,89,4,166,281,453,1465,260,2,72,94,498,263,111,167,173,43,80,1590,532,538,87,3,1,1227,54,42,72,-,1606,11,75,721,-,1765,24,322,413,461,66,413,35,23,397,105,87,814,6017,5327,43,1834,1862,4,4646,780,571,14,232,43,19,1783,66,216,103,772,50,2746,55,819,31,108,-,57,2266,6,164,146,9638
"경기","2021",388004,13565450,2860.2,226885,142066,37403,66,75380,13914,899,14404,8317,159,90,242,7826,45904,31916,5738,6093,1434,70,317,309,27,3050,77,16,2847,110,579,194,264,92,29,3144,2397,47,700,2174,708,863,603,21651,7592,1510,4345,4404,27,41,345,1889,38,399,1013,41,1,4,-,2,161119,306,171,1757,268,444,63,104,198,790,682,8,2011,1163,43,20,253,150,26,7,42017,16,11,234,517,9899,2606,34,112,-,623,672,1273,186,3285,4356,3607,25740,828,1587,93,5,70,322,323,1417,210,-,78,111,362,67,119,122,140,44,75,1546,567,527,63,6,1,1377,47,30,29,230,979,7,91,472,-,3943,29,204,205,382,55,71,54,28,254,72,63,661,7042,4256,69,1916,1864,4,5387,553,415,5,233,21,29,1056,66,171,73,365,49,2520,31,873,24,56,-,85,2344,4,187,134,9669
"강원","2018",52495,1543052,3402,27132,14419,4315,9,6983,1083,139,1890,937,27,17,41,852,7271,4655,1903,517,103,5,35,44,9,429,28,3,384,14,118,45,47,16,10,278,196,20,62,382,154,159,69,3298,718,470,663,571,1,11,100,446,27,111,176,-,1,1,-,2,25363,6,43,5,-,29,17,27,38,234,218,4,165,25,721,4,40,46,110,3,6774,1,2,8,72,1272,245,2,29,-,186,22,49,51,533,923,620,4091,104,54,-,1,-,35,175,81,18,1,16,11,186,18,20,6,24,3,127,344,279,22,29,52,36,79,1,969,101,-,173,1,5,-,23,113,6,25,64,53,5,183,11,2,9,12,6,53,649,899,2,197,201,27,334,58,64,1,2,10,2,292,20,28,6,49,13,60,3,36,-,18,-,5,13,-,18,6,2199
"강원","2019",53289,1541502,3457,28829,16202,4686,20,8340,1175,144,1837,943,23,26,42,852,6719,3998,1778,657,175,11,53,45,2,499,17,2,460,20,172,59,83,20,10,445,365,19,61,421,153,182,86,3428,817,401,680,667,1,8,107,416,24,102,203,-,-,1,1,-,24460,6,38,12,-,42,6,30,20,226,169,3,178,40,59,4,31,36,4,3,6781,999,2,12,118,1214,220,4,38,-,149,26,64,27,409,1006,406,3542,97,67,8,-,3,42,194,123,24,-,6,28,136,22,8,3,7,-,128,329,275,57,16,78,2,87,3,695,52,-,322,2,24,-,19,183,4,30,60,45,4,131,2,2,28,7,2,55,629,680,3,140,240,30,314,49,76,4,7,10,3,324,10,26,17,852,10,21,-,55,3,16,-,9,36,-,26,17,1519
"강원","2020",51544,1542840,3340.9,28098,16495,4342,13,9063,1128,136,1813,864,37,21,37,769,6085,3643,1554,674,140,3,34,36,1,415,21,4,373,17,130,60,60,10,-,311,245,9,57,360,123,165,72,3438,963,339,660,657,1,3,145,383,6,90,185,2,-,2,1,1,23446,11,40,37,-,58,2,12,20,161,170,3,205,41,135,14,20,126,35,1,6273,325,2,7,69,1158,237,4,29,-,116,44,69,24,357,738,360,3525,142,98,8,-,3,20,191,108,24,-,8,7,50,26,26,7,21,2,125,224,363,45,16,433,341,50,4,1002,61,-,149,-,8,175,-,178,5,25,220,39,4,45,4,4,24,7,3,52,539,570,1,128,132,25,385,49,74,8,12,9,2,282,12,29,3,221,10,296,-,46,-,20,-,11,20,-,13,5,1769
"강원","2021",45398,1538492,2950.8,24878,14683,4202,10,7745,918,90,1718,847,15,11,38,783,5427,3294,1232,671,147,5,47,30,1,343,11,-,325,7,96,40,45,11,-,317,262,12,43,295,114,100,81,2870,773,175,594,602,1,5,119,377,7,63,144,6,-,3,1,-,20520,20,28,173,-,47,7,16,25,131,122,1,199,55,20,6,27,50,6,1,5251,2,1,15,59,876,163,2,31,-,121,35,44,16,334,738,274,3335,151,138,17,-,3,25,76,85,14,-,2,7,45,17,19,6,13,1,109,197,272,27,8,23,2,31,7,879,47,52,105,-,12,30,-,274,9,8,6,41,3,7,3,-,24,6,5,61,504,373,32,133,200,14,342,18,36,-,4,3,11,157,12,14,3,22,9,250,3,54,-,32,-,5,20,1,16,14,3140
"충북","2018",53659,1599252,3355.3,28646,17200,5432,10,8464,1242,152,1900,936,32,33,49,822,6397,4077,1558,543,122,7,61,13,16,524,23,8,487,6,99,41,27,23,8,215,142,16,57,314,80,135,99,2961,725,517,560,423,6,6,71,356,21,99,175,-,-,-,2,-,25013,8,67,12,-,48,17,34,36,267,170,7,141,35,3,5,47,10,90,6,8314,2,1,7,66,954,254,-,9,-,175,42,106,37,544,1107,422,4920,124,56,2,3,3,18,142,102,30,-,1,8,136,13,27,16,23,17,45,228,212,57,47,-,-,170,9,1,-,-,236,1,9,-,19,138,10,31,13,73,9,200,3,3,28,14,20,45,517,1038,3,320,121,29,337,83,47,1,7,17,2,371,19,9,49,79,9,98,5,111,1,7,-,9,18,-,10,6,1385
"충북","2019",53801,1600007,3362.5,30417,18768,5964,16,9472,1247,152,1917,950,32,36,55,827,6380,3917,1468,725,179,8,58,12,13,578,11,2,538,27,97,38,32,21,6,278,194,12,72,408,100,172,136,2958,790,473,563,525,2,2,69,303,8,68,151,1,-,-,1,2,23384,15,52,9,-,41,5,14,26,215,172,4,131,69,6,2,21,6,3,8,8184,3,3,8,107,974,287,-,13,-,187,54,97,36,452,1081,269,3703,110,58,7,1,9,25,178,118,25,-,4,14,199,25,17,15,31,16,70,268,247,52,39,-,-,83,4,-,-,-,210,1,7,-,18,164,7,45,40,73,12,138,-,2,30,22,8,73,481,1011,4,191,169,40,364,79,69,-,17,18,3,326,11,11,31,107,10,13,4,112,-,10,-,7,48,1,16,19,1490
"충북","2020",51645,1600837,3226.1,29971,19037,5715,7,10005,1261,134,1915,898,19,28,40,811,6097,3806,1279,672,238,9,57,22,14,476,19,1,441,15,102,31,53,16,2,238,178,5,55,295,68,132,95,2828,774,339,565,549,5,1,66,306,8,65,148,-,-,1,-,1,21674,7,44,47,-,56,1,13,18,202,145,2,146,44,3,5,28,4,37,-,7313,-,-,10,118,712,178,-,9,-,106,42,58,32,482,1030,308,3580,121,31,14,-,4,16,211,122,18,-,3,12,76,34,17,12,53,11,84,187,214,39,19,-,-,62,6,-,-,-,127,-,7,68,-,204,10,61,5,74,5,33,8,6,22,22,11,78,643,1042,1,137,180,23,654,74,57,-,11,7,1,295,7,7,16,74,19,237,4,73,1,5,-,9,21,1,13,11,1164
"충북","2021",47020,1597427,2943.5,27335,17757,5270,11,9433,1111,82,1850,894,19,12,32,831,5283,3163,1292,546,158,8,42,46,28,415,19,6,378,12,96,46,40,8,2,218,157,9,52,279,77,99,103,2393,719,241,416,524,5,2,85,259,5,33,103,-,-,1,-,-,19685,25,51,178,-,35,2,16,23,152,172,6,99,113,2,4,19,9,1,-,6151,3,4,3,83,718,201,-,3,-,101,27,98,10,333,910,228,3365,131,83,5,-,1,19,116,121,35,-,3,6,56,13,21,8,9,4,50,118,205,54,18,-,-,46,21,-,-,25,130,-,5,42,-,364,9,50,1,55,2,20,1,1,26,20,7,52,831,910,1,116,192,18,380,50,56,1,24,3,3,189,22,14,13,72,8,229,1,115,1,6,-,3,16,6,12,25,1270
"충남","2018",75405,2126282,3546.3,39723,24075,8015,13,11600,1779,224,2444,1250,36,41,92,1081,8862,5458,2319,746,213,9,76,41,-,636,37,2,575,22,110,46,31,31,2,375,255,18,102,389,94,161,134,4026,1056,803,691,531,4,11,90,449,18,122,244,1,-,2,2,2,35682,26,139,3,-,53,8,23,51,638,163,5,174,39,8,4,37,35,97,3,7182,6,-,10,65,3021,725,81,45,-,255,55,133,38,730,1117,987,6730,213,146,4,1,3,35,110,134,304,3,3,34,293,16,31,17,44,13,70,554,363,19,53,8,56,160,12,140,78,-,356,2,10,-,35,180,2,26,111,101,10,387,5,9,47,21,3,78,906,1956,1,223,223,-,475,128,51,3,14,13,7,367,6,43,39,164,9,161,2,110,3,5,-,2,32,-,52,6,3695
"충남","2019",73817,2123709,3475.9,40207,25242,8253,18,12212,1973,249,2537,1207,46,32,76,1053,7902,4684,2102,818,196,9,59,30,4,655,42,4,584,25,93,49,29,13,2,406,316,13,77,388,108,163,117,4314,1104,737,790,719,3,4,149,447,20,116,221,1,-,1,2,-,33610,10,153,9,-,67,8,18,44,602,168,2,165,119,1380,7,35,25,7,4,7581,1,-,11,76,2669,651,19,56,-,225,59,156,50,1275,1008,603,4849,219,264,4,-,11,46,108,183,44,3,5,20,226,27,22,22,32,22,72,535,344,50,43,20,7,75,7,271,100,-,333,-,9,-,24,214,7,33,384,78,11,302,20,8,44,19,-,101,889,1536,1,164,328,7,517,167,49,2,19,10,19,341,15,29,24,215,10,11,22,107,-,4,-,6,78,10,33,23,2493
"충남","2020",71847,2121029,3387.4,39948,25822,7659,16,13408,1907,217,2615,1182,36,41,61,1044,7260,4111,1886,899,238,9,78,37,2,646,32,8,575,31,113,52,35,17,9,404,265,18,121,387,98,169,120,4134,1029,505,826,749,5,14,152,496,14,83,254,1,-,3,3,-,31899,25,122,139,2,85,1,21,35,396,199,7,183,129,11,13,37,31,61,5,7417,2,-,9,85,2171,521,18,33,-,158,66,129,28,598,979,529,5418,210,256,3,5,11,36,192,198,35,2,6,14,90,100,25,20,16,16,100,340,416,47,35,20,292,63,10,1161,86,-,283,2,9,161,-,337,6,45,59,77,6,118,8,11,43,16,4,125,850,1199,3,196,299,-,524,137,59,1,6,6,7,370,5,50,5,144,12,525,5,107,-,3,-,9,23,6,26,7,2537
"충남","2021",63290,2119257,2986.4,34050,21943,7149,14,10731,1563,150,2336,1302,34,25,65,1178,6296,3508,1546,844,267,10,54,49,18,507,23,1,461,22,92,39,37,13,3,299,197,19,83,348,82,130,136,3263,952,344,546,622,2,6,126,410,13,58,168,9,2,3,1,1,29240,44,122,305,3,97,4,18,23,287,136,1,128,158,2034,2,39,33,6,1,6179,2,1,13,94,1821,423,14,42,1,188,60,94,16,516,897,411,5119,272,406,4,1,5,36,125,151,51,-,9,5,63,30,24,18,6,8,74,372,377,49,25,10,255,39,4,49,91,39,265,1,8,77,-,639,13,26,60,77,7,14,4,4,36,9,3,77,905,1020,4,161,249,1,483,68,54,3,8,17,10,240,9,32,14,89,10,412,3,107,-,2,-,13,22,12,45,10,1987
"전북","2018",56353,1836832,3067.9,30835,17899,5689,13,9383,1091,177,1546,942,39,28,49,826,7334,4823,1754,508,122,5,47,35,40,922,15,1,859,47,172,61,70,29,12,304,209,41,54,265,62,113,90,2997,934,604,413,384,5,3,66,253,12,126,189,1,-,2,3,2,25518,4,97,3,-,37,6,206,22,217,171,6,100,61,381,2,21,89,171,13,6046,1,-,12,52,1319,222,5,32,1,211,23,128,31,342,637,493,5159,103,62,3,1,3,11,17,50,40,34,8,13,169,18,8,14,6,6,59,318,209,37,34,307,97,179,1,207,78,-,341,-,14,-,19,206,9,11,8,58,6,167,3,13,32,9,4,95,859,1240,6,202,282,38,435,79,482,8,6,7,1,381,14,24,21,59,12,111,5,98,2,28,-,2,41,-,25,14,1628
"전북","2019",58012,1818917,3189.4,31582,18607,5839,5,9892,1223,153,1495,1063,43,28,52,940,7324,4912,1532,553,196,5,45,37,44,587,13,2,557,15,186,67,82,29,8,423,337,20,66,306,70,139,97,3086,886,564,473,516,4,3,63,300,8,101,165,1,1,-,1,-,26430,6,148,12,-,52,5,16,46,164,132,4,127,85,14,131,18,225,6,5,6593,3,1,9,36,1456,315,6,27,-,227,15,109,43,451,603,353,3824,103,186,4,1,7,15,25,57,62,37,8,21,137,32,10,7,6,6,84,300,187,35,69,56,58,244,3,508,215,-,322,-,7,-,12,187,4,11,7,61,4,162,2,11,50,21,2,83,746,1128,1,180,246,44,430,68,56,5,6,7,-,346,13,27,25,95,13,25,2,109,2,26,-,7,32,-,24,15,4056
"전북","2020",56210,1804104,3115.7,32485,20149,5761,27,11265,1297,160,1639,974,35,19,47,873,6953,4633,1409,552,236,4,45,43,31,583,13,3,507,60,101,42,43,14,2,363,256,25,82,322,73,142,107,3040,858,419,477,603,8,3,60,289,9,86,224,1,-,-,-,3,23725,5,137,26,-,52,6,11,27,122,150,4,134,85,3,3,16,371,83,5,5665,1,1,6,59,1164,265,2,25,-,164,18,94,28,283,528,346,3423,134,114,11,-,8,14,38,90,40,21,11,12,63,39,12,11,4,4,116,197,241,34,27,11,37,111,3,492,223,-,211,5,14,85,-,210,-,34,7,65,2,53,5,10,45,33,6,67,855,988,4,146,182,17,355,74,87,1,6,8,12,399,16,22,11,60,10,349,5,116,-,9,-,2,32,-,19,8,3650
"전북","2021",52587,1786855,2943,30084,19080,5612,5,10524,1109,121,1709,1009,27,21,35,926,5754,3792,1070,605,169,3,57,45,13,682,5,8,507,162,132,51,66,12,3,249,163,23,63,283,83,104,96,2895,930,253,403,653,5,4,111,262,11,84,173,3,-,-,2,1,22503,18,158,107,-,65,1,10,20,102,112,1,133,46,2,3,23,320,5,5,4619,-,1,5,68,1107,208,-,22,-,268,115,75,21,265,448,246,3359,130,179,17,-,2,10,25,80,28,26,8,10,52,20,19,8,10,-,89,181,207,48,70,133,654,99,8,322,155,28,340,-,10,42,-,374,5,24,3,54,6,3,-,-,78,17,5,57,952,1149,9,143,226,16,404,69,75,-,60,3,2,240,21,27,11,50,15,293,1,108,-,12,-,6,23,1,37,7,2949
"전남","2018",65932,1882970,3501.5,32365,17928,5065,11,8361,1991,557,1943,1003,35,29,45,894,8382,5376,2022,734,152,7,58,31,2,548,17,1,427,103,188,53,79,44,12,336,250,34,52,428,70,224,134,3552,988,502,685,495,5,3,197,349,24,109,189,1,-,1,-,4,33567,11,95,1,10,55,8,23,22,207,219,12,187,20,2192,-,38,18,323,32,7852,1,-,11,47,1196,299,21,19,1,314,33,86,41,443,877,1095,6551,192,43,1,-,3,7,66,52,17,103,18,22,82,20,9,5,14,14,48,262,154,26,61,206,1037,68,2,582,350,-,146,1,11,-,25,180,10,12,5,62,2,181,4,3,6,5,2,81,432,1141,2,164,254,1,344,88,45,23,5,23,4,342,16,23,6,91,10,87,1,76,2,16,-,1,25,1,8,4,3772
"전남","2019",68566,1868745,3669.1,33176,18399,5740,9,8345,1479,640,2186,999,28,27,63,881,8328,5240,1957,864,162,11,48,46,-,596,9,1,533,53,190,77,85,25,3,367,264,39,64,455,82,230,143,3842,1140,439,712,602,1,5,119,413,16,148,245,-,-,1,-,1,35390,18,80,17,3,69,7,17,21,103,200,3,216,36,1821,3,17,29,5,19,9097,4,1,11,65,1160,297,34,14,3,312,25,70,41,444,979,924,5000,164,41,1,1,5,5,121,54,31,79,12,18,82,49,19,2,28,12,58,207,167,41,62,37,1283,108,2,732,496,-,193,1,6,-,27,248,1,18,8,68,4,146,2,3,10,8,-,87,318,784,2,163,264,3,426,92,42,-,5,49,5,275,21,24,8,168,9,10,1,79,-,29,-,13,71,-,15,14,6588
"전남","2020",67448,1851549,3642.8,33422,19823,5907,7,9959,1718,189,2043,980,39,14,52,875,7395,4475,1786,809,218,12,50,41,4,521,6,-,495,20,226,80,94,49,3,290,195,38,57,432,84,230,118,3755,1016,361,784,586,8,7,155,422,18,116,278,2,-,-,1,1,34026,20,115,48,9,73,1,22,20,86,170,2,244,53,901,8,17,35,117,11,8154,4,-,6,87,1011,227,23,28,-,241,33,43,26,501,849,822,4558,168,60,3,2,3,19,154,76,25,52,8,11,67,98,16,6,15,4,62,167,176,30,525,36,1421,67,5,2199,492,-,161,-,11,59,-,287,3,16,15,66,2,42,4,1,23,6,2,56,402,721,1,156,156,-,461,74,73,2,9,30,3,290,9,17,6,99,10,434,2,90,-,13,-,16,20,1,9,13,5623
"전남","2021",60205,1832803,3284.9,31332,18665,5786,8,9374,1309,139,2049,1163,37,12,47,1067,6770,4003,1630,854,175,5,48,50,5,471,11,1,428,31,194,89,82,20,3,357,242,51,64,390,81,201,108,3322,1019,273,677,614,6,8,108,334,11,82,177,3,-,8,2,-,28873,42,69,203,16,75,4,17,15,54,148,-,207,46,13,2,16,15,27,10,6421,2,1,8,61,841,222,16,16,-,241,63,67,18,378,895,453,4475,201,106,3,-,2,11,90,117,18,42,10,18,55,41,17,11,4,3,62,140,172,30,26,55,1251,54,5,341,242,30,105,1,8,65,-,414,9,22,6,75,2,6,3,2,23,8,1,54,498,613,-,104,203,-,388,43,60,1,50,18,2,228,14,14,3,78,8,354,1,93,-,2,-,29,34,2,10,10,6895
"경북","2018",85371,2676831,3189.3,43203,26394,7681,17,14275,1557,193,2671,1282,49,36,65,1132,9732,5882,2789,711,251,7,55,35,2,535,28,1,498,8,235,109,101,21,4,451,331,43,77,401,92,182,127,4173,1092,745,783,545,5,8,121,522,16,89,242,-,-,3,1,1,42168,7,92,2,4,41,18,34,26,259,252,6,204,82,6,1,181,50,223,3,11644,2,2,11,121,1720,410,97,34,1,389,60,129,80,789,1795,1131,8363,214,109,2,1,4,36,164,103,835,-,8,12,183,21,11,15,51,18,180,258,308,57,117,95,501,186,7,82,981,-,200,-,13,-,42,163,4,25,25,58,6,358,3,4,36,14,8,75,789,1991,2,281,446,5,544,103,72,-,5,30,3,417,13,39,24,152,11,140,4,176,2,33,-,14,70,-,16,10,2914
"경북","2019",88098,2665836,3304.7,48478,30087,8857,13,16205,1835,185,2992,1335,39,27,85,1184,10672,6498,2725,1006,304,6,80,50,3,635,21,2,585,27,165,70,72,18,5,573,452,29,92,462,131,195,136,4549,1203,708,815,777,1,8,114,533,23,119,240,7,-,1,-,-,39620,7,103,8,2,53,12,23,18,282,249,6,211,107,96,5,64,18,7,2,11937,8,1,8,117,1713,355,583,24,-,378,71,148,61,963,1529,749,6616,192,109,6,-,3,37,172,166,41,-,16,10,150,45,13,14,35,14,195,266,286,89,81,485,280,144,4,166,140,-,234,2,9,-,26,227,5,35,13,84,3,279,3,5,20,17,2,71,663,1483,2,292,256,781,666,126,57,4,7,14,2,363,27,46,17,211,13,7,6,255,-,15,-,14,43,-,20,7,3495
"경북","2020",83790,2639422,3174.6,47638,30640,8961,22,16678,1802,181,2996,1215,31,20,85,1079,9895,5987,2497,966,289,6,74,63,13,647,17,2,608,20,158,81,64,12,1,412,310,23,79,455,122,181,152,4216,1139,558,817,746,9,9,124,477,15,82,234,1,-,1,-,4,36152,11,120,42,1,82,7,17,16,256,208,4,232,90,242,2,40,40,100,2,10649,2,-,20,129,1313,337,3,32,2,261,61,138,57,718,1338,627,6054,208,118,5,-,5,34,239,210,43,-,6,8,117,94,12,19,27,9,167,173,293,79,48,9,199,80,5,111,1113,-,172,3,13,117,-,216,16,50,9,54,8,126,3,2,16,12,1,76,862,1402,3,213,195,3,636,102,62,1,6,3,7,441,20,32,9,97,15,517,3,313,1,35,-,40,29,3,18,6,3500
"경북","2021",75300,2626609,2866.8,41387,26781,8616,7,13688,1506,150,2814,1444,32,22,44,1346,7869,4422,2174,847,270,20,60,69,7,624,19,-,590,15,177,92,68,15,2,305,213,18,74,420,115,163,142,3767,1098,365,653,786,10,13,143,455,10,60,167,3,-,-,3,1,33913,47,118,162,1,132,5,19,15,137,192,1,200,126,14,8,43,28,6,1,8938,2,1,19,124,982,277,64,19,-,249,119,198,20,543,1216,434,5557,230,216,2,-,3,52,184,155,42,-,17,5,93,17,16,13,7,8,167,204,377,66,23,6,3,82,8,12,167,39,143,-,54,60,-,399,20,22,11,71,4,9,2,1,25,10,2,72,869,1327,4,224,394,972,587,76,40,-,6,5,7,296,7,33,11,56,15,513,-,227,-,1317,-,14,15,1,7,4,3750
"경남","2018",117243,3373988,3474.9,65424,39264,12188,64,20428,2781,392,3411,1781,71,60,106,1544,15143,9394,4166,1121,311,13,89,40,9,1411,16,8,886,501,234,89,82,39,24,548,401,29,118,502,153,259,90,6541,1831,992,1265,794,3,12,99,895,39,217,385,3,-,2,1,3,51819,14,87,3,29,84,68,60,39,188,363,7,350,200,502,5,65,105,188,13,11099,9,-,13,140,3670,1182,35,53,-,257,49,212,124,863,1648,958,12270,281,170,16,-,8,42,133,440,84,-,29,30,340,22,29,27,91,64,56,431,215,528,56,25,390,310,29,455,145,-,488,2,14,-,42,194,8,42,56,157,7,543,17,5,32,47,4,200,1382,1375,6,678,566,4,766,185,94,1,24,18,7,579,14,41,35,188,12,158,7,270,7,25,-,19,135,-,40,45,3882
"경남","2019",123992,3362553,3687.4,70595,43689,12674,84,23797,2983,412,3739,1768,58,53,61,1596,15572,9688,4036,1302,387,15,98,43,3,1066,26,5,999,36,206,86,82,31,7,863,701,22,140,669,201,342,126,6762,1856,928,1359,1004,5,9,119,924,22,177,348,1,-,4,3,3,53397,16,103,5,38,105,39,46,35,170,259,7,373,240,455,6,49,93,10,21,12147,9,1,10,231,3725,1091,130,33,1,299,63,200,170,819,1790,886,11164,245,188,20,-,11,47,143,549,114,-,13,43,233,179,41,27,69,50,47,552,205,102,46,308,336,376,16,619,1077,-,463,2,22,-,38,272,12,47,38,203,17,411,28,6,44,114,3,227,1203,1329,2,477,790,5,840,199,94,2,31,13,11,653,17,47,40,279,8,10,4,215,4,30,-,10,68,-,36,49,4489
"경남","2020",123406,3340216,3694.6,74756,48541,13771,47,27268,3102,392,3961,1841,68,51,88,1634,14994,9222,3697,1358,505,12,110,86,4,1122,10,5,1078,29,220,107,86,19,8,471,324,18,129,573,173,283,117,6994,1953,755,1342,1180,9,17,100,1040,30,162,393,7,-,6,-,-,48650,16,114,89,40,117,18,26,41,141,280,3,410,170,2528,7,82,62,115,13,11232,13,-,14,184,3039,854,902,47,1,194,71,150,134,785,1609,894,8542,302,228,17,-,13,62,214,475,89,-,12,21,156,105,42,30,56,50,53,368,211,79,43,30,315,153,32,253,144,-,479,1,12,140,-,337,15,78,20,183,20,150,16,3,45,62,7,178,1756,1138,16,389,569,-,969,174,87,-,21,8,15,662,13,44,26,167,10,493,4,278,8,28,-,19,84,2,24,95,3315
"경남","2021",111102,3314183,3352.3,66377,42805,12638,14,23892,2400,276,3585,2014,55,40,76,1843,12898,7775,3091,1451,393,10,101,75,2,1133,18,5,1057,53,242,123,98,19,2,521,348,25,148,556,159,276,121,6208,1880,526,1159,1185,13,2,124,848,22,122,315,8,-,3,1,-,44725,62,96,470,39,151,18,26,63,73,215,1,340,235,1280,4,100,48,20,29,9208,5,1,28,158,2102,639,340,38,1,182,75,377,56,755,1493,622,7835,338,548,22,2,4,64,152,309,82,-,7,11,118,293,30,29,45,30,49,281,207,113,37,1100,164,112,30,71,48,58,388,1,11,102,-,715,25,26,24,164,9,16,24,5,20,59,10,150,1766,1166,9,329,538,1,893,163,108,1,23,16,20,522,10,56,27,98,20,448,2,295,3,21,-,34,68,1,25,67,4707
"제주","2018",30106,667191,4512.4,17764,9475,2988,3,4446,712,75,1251,540,16,10,21,493,4152,2691,958,380,80,3,24,15,1,790,8,2,777,3,73,29,34,10,-,155,95,8,52,236,58,119,59,2343,444,150,523,718,-,-,44,333,3,37,91,-,-,-,-,-,12342,5,1,-,-,12,-,4,20,61,69,2,160,8,5,-,29,55,43,1,3637,1,-,3,9,5,-,18,-,-,1,3,1,13,206,511,502,3567,60,32,-,-,-,3,1,18,2,36,2,4,44,7,12,4,13,6,3,2,7,7,37,46,12,54,-,12,11,-,33,-,9,-,8,47,1,3,24,33,-,117,7,1,-,6,2,20,195,35,1,120,217,5,194,32,25,13,5,58,-,110,13,-,2,99,5,16,1,5,3,-,-,10,7,-,-,-,1473
"제주","2019",28318,670989,4220.3,17435,10025,3236,6,4593,792,97,1301,580,21,21,29,509,3865,2429,830,450,99,5,32,19,1,202,5,2,193,2,66,22,38,4,2,177,104,13,60,209,57,88,64,2311,430,196,526,725,3,2,29,278,1,43,76,1,-,1,-,-,10883,1,-,-,-,20,-,1,23,83,64,-,144,44,456,10,18,24,2,-,3714,1,-,1,14,-,-,9,-,-,2,6,1,65,196,440,402,2008,60,14,1,-,-,8,-,30,1,22,5,6,29,5,9,2,5,1,-,1,4,8,-,37,30,83,-,704,22,-,26,-,9,-,10,99,1,6,74,19,1,166,8,4,-,2,3,13,47,42,-,63,150,165,193,17,15,6,2,13,3,40,11,-,1,112,4,1,-,8,-,-,-,15,7,-,-,2,689
"제주","2020",29296,674635,4342.5,18829,11076,3425,3,5392,879,89,1288,559,17,14,26,502,4084,2638,812,485,99,5,21,23,1,223,10,1,204,8,71,21,44,6,-,124,86,5,33,213,47,105,61,2479,602,136,584,715,-,2,28,281,2,43,84,1,-,1,-,-,10467,1,-,34,-,26,-,7,22,112,63,-,155,29,10,1,18,13,35,-,3562,1,-,2,10,3,-,32,-,-,1,25,-,43,207,330,320,1738,74,8,-,-,-,6,6,31,-,-,-,5,15,5,16,10,3,-,3,-,1,25,1,17,722,38,-,404,22,-,27,-,4,27,-,121,5,6,19,31,-,63,14,2,-,4,-,35,50,44,-,65,131,43,205,22,30,4,2,5,2,94,14,-,1,64,1,110,-,4,1,-,-,12,16,-,-,-,977
"제주","2021",26499,676759,3915.6,17236,9995,3055,9,4769,856,59,1247,613,19,13,15,566,3883,2498,713,526,97,4,17,28,-,187,4,-,178,5,31,11,15,5,-,126,80,7,39,216,77,75,64,2185,458,119,458,745,-,4,28,263,7,23,79,1,-,-,-,-,9263,33,-,104,-,26,-,5,18,65,37,-,130,47,9,3,16,15,-,-,2931,-,-,2,9,-,-,5,-,-,3,55,-,20,213,320,248,2150,68,4,-,-,1,12,6,20,-,17,2,2,21,4,14,2,8,2,2,-,-,21,1,11,402,43,-,21,11,28,24,-,11,21,-,259,-,8,5,21,2,6,4,2,-,2,1,20,112,94,1,42,125,83,228,7,13,19,4,3,2,75,14,-,1,42,3,98,1,7,-,-,-,6,8,-,-,2,700
